date,description,amount
2026-06-01,BIGBASKET GROCERY,1450
2026-06-02,SWIGGY ORDER,380
2026-06-03,UBER RIDE,220
2026-06-04,AMAZON SHOPPING,3200
2026-06-05,ELECTRICITY BILL,1800
2026-06-06,NETFLIX SUBSCRIPTION,499
2026-06-07,RENT PAYMENT,25000
2026-06-08,APOLLO PHARMACY,650
2026-06-09,SALARY CREDITED,-75000
2026-06-10,BIGBASKET GROCERY,1320
2026-06-11,SWIGGY ORDER,410
2026-06-12,UBER RIDE,190
2026-06-13,STARBUCKS COFFEE,350
2026-06-14,AMAZON SHOPPING,45000
2026-06-15,BROADBAND RECHARGE,999
2026-06-16,BIGBASKET GROCERY,1500
2026-06-17,ZOMATO ORDER,300
2026-06-18,METRO RECHARGE,200
2026-06-19,FLIPKART SHOPPING,2100
2026-06-20,SPOTIFY SUBSCRIPTION,119
2026-06-21,MYNTRA SHOPPING,2800
